date,symbol,direction,entry_time,entry,exit_time,exit,exit_reason,move_pct,qty,gross,costs,net
2026-08-26,INDIGO,SHORT,10:18,5233.5,15:14,5245.0,SQUARE_OFF_315,-0.22,19,-218.5,83.17,-301.67
2026-08-28,BAJFINANCE,LONG,09:33,1078.0,15:14,1075.0,SQUARE_OFF_315,-0.28,92,-276.0,82.98,-358.98
2026-09-01,TMPV,SHORT,09:42,313.8,14:06,310.66,TARGET,1.0,318,998.52,83.21,915.31
2026-09-02,INDIGO,LONG,13:33,4986.5,15:14,5000.0,SQUARE_OFF_315,0.27,20,270.0,83.34,186.66
2026-09-02,INFY,LONG,09:57,1143.5,13:39,1132.07,STOP_LOSS,-1.0,87,-994.41,82.89,-1077.3
2026-09-03,POWERGRID,SHORT,10:18,268.45,15:14,266.35,SQUARE_OFF_315,0.78,372,781.2,83.26,697.94
2026-09-07,ETERNAL,SHORT,09:39,323.1,14:48,319.87,TARGET,1.0,309,998.07,83.23,914.84
2026-09-08,HDFCLIFE,SHORT,11:06,538.85,15:14,533.8,SQUARE_OFF_315,0.94,185,934.25,83.18,851.07
2026-09-08,SHRIRAMFIN,LONG,12:57,1030.2,15:14,1029.8,SQUARE_OFF_315,-0.04,97,-38.8,83.33,-122.13
2026-09-10,JSWSTEEL,LONG,09:33,1307.4,11:39,1301.0,STOP_LOSS,-0.49,76,-486.4,82.99,-569.39
2026-09-10,ONGC,SHORT,12:51,235.84,15:14,236.75,SQUARE_OFF_315,-0.39,424,-385.84,83.39,-469.23
2026-09-11,ASIANPAINT,LONG,13:12,2467.1,15:14,2467.7,SQUARE_OFF_315,0.02,40,24.0,82.89,-58.89
2026-09-11,HINDALCO,LONG,14:00,991.5,15:14,985.5,SQUARE_OFF_315,-0.61,100,-600.0,82.88,-682.88
2026-09-15,INFY,SHORT,09:54,1074.4,10:15,1085.14,STOP_LOSS,-1.0,93,-998.82,83.4,-1082.22
2026-09-15,TMPV,SHORT,10:33,313.05,12:06,309.92,TARGET,1.0,319,998.47,83.24,915.23
2026-09-16,JSWSTEEL,SHORT,09:36,1229.7,10:33,1242.0,STOP_LOSS,-1.0,81,-996.3,83.29,-1079.59
2026-09-17,HCLTECH,LONG,14:33,1252.4,15:14,1243.3,SQUARE_OFF_315,-0.73,79,-718.9,82.77,-801.67
2026-09-21,SHRIRAMFIN,SHORT,10:33,1007.9,14:12,1017.98,STOP_LOSS,-1.0,99,-997.92,83.35,-1081.27
2026-09-22,COALINDIA,SHORT,09:21,420.0,09:36,424.2,STOP_LOSS,-1.0,238,-999.6,83.42,-1083.02
2026-09-22,MAXHEALTH,LONG,12:21,1068.8,13:45,1060.0,STOP_LOSS,-0.82,93,-818.4,82.91,-901.31
2026-09-23,WIPRO,LONG,11:03,165.6,14:57,164.15,STOP_LOSS,-0.88,603,-874.35,83.06,-957.41
2026-09-25,TCS,LONG,10:06,2076.9,15:14,2080.5,SQUARE_OFF_315,0.17,48,172.8,83.3,89.5
